,payment_type_name,trips,revenue,avg_tip_pct
1,Credit card,66548,1202467.81,0.21198753068577475
0,Cash,33203,434002.97000000003,6.852781007644341e-06
3,No charge,173,1838.95,0.0016367209432902863
2,Dispute,76,762.36,0.0
