,rate_code_name,trips,revenue,avg_dist
5,Standard rate,97199,1446668.28,2.6535746252533463
1,JFK,2207,143347.46,17.44634345265066
3,Negotiated,283,21556.64,6.0890812720848055
4,Newark,262,23197.68,16.432290076335878
2,Nassau/Westchester,48,4298.73,20.199791666666666
0,Group ride,1,3.3,0.1
