,hour,avg_tip_pct,trips
8,8,0.15192771307536504,11708
9,9,0.15065690966045558,10710
7,7,0.1495097104609574,9550
10,10,0.14526613049829953,9625
0,0,0.14162322471911126,7079
11,11,0.1411038978596101,9609
6,6,0.13959135305600384,1905
12,12,0.13808653995345613,10512
5,5,0.13660000668325767,3697
13,13,0.1349933806222962,10204
14,14,0.13435104518843063,4862
1,1,0.13161795684247624,4148
2,2,0.12483276847628459,2602
4,4,0.1115773030264675,1929
3,3,0.10972750963123969,1860
