,weekday,trips,revenue,avg_tip_pct,avg_dist
0,Thursday,76780,1233164.79,0.14400113822051003,2.765324824172962
1,Tuesday,23220,405907.3,0.13194025575038704,3.923574504737295
